{
  "asset_id": "minecraft:entity/cow/cold_cow",
  "model": "cold",
  "spawn_conditions": [
    {
      "condition": {
        "type": "minecraft:biome",
        "biomes": [
    "minecraft:dark_forest",
    "minecraft:forest",
    "minecraft:swamp",
    "minecraft:old_growth_birch_forest",
    "minecraft:old_growth_spruce_taiga",
    "minecraft:old_growth_pine_taiga",
    "minecraft:meadow",
    "minecraft:birch_forest",
    "minecraft:snowy_plains",
    "minecraft:snowy_taiga",
    "minecraft:snowy_slopes",
    "minecraft:frozen_peaks",
    "minecraft:jagged_peaks",
    "minecraft:ice_spikes"
  ]
      },
      "priority": 1
    }
  ]
}