{
  "config": {
    "features": [
      {
        "feature": {
          "config": {
            "features": [
              {
                "feature": {
                  "config": {
                    "decorators": [],
                    "dirt_provider": {
                      "state": {
                        "Name": "minecraft:dirt"
                      },
                      "type": "minecraft:simple_state_provider"
                    },
                    "foliage_placer": {
                      "offset": 0,
                      "radius": 2,
                      "type": "minecraft:acacia_foliage_placer"
                    },
                    "foliage_provider": {
                      "state": {
                        "Name": "minecraft:acacia_leaves",
                        "Properties": {
                          "distance": "7",
                          "persistent": "false",
                          "waterlogged": "false"
                        }
                      },
                      "type": "minecraft:simple_state_provider"
                    },
                    "force_dirt": false,
                    "ignore_vines": true,
                    "minimum_size": {
                      "limit": 1,
                      "lower_size": 0,
                      "upper_size": 2,
                      "type": "minecraft:two_layers_feature_size"
                    },
                    "trunk_placer": {
                      "base_height": 5,
                      "height_rand_a": 2,
                      "height_rand_b": 2,
                      "type": "minecraft:forking_trunk_placer"
                    },
                    "trunk_provider": {
                      "state": {
                        "Name": "minecraft:acacia_log",
                        "Properties": {
                          "axis": "y"
                        }
                      },
                      "type": "minecraft:simple_state_provider"
                    }
                  },
                  "type": "minecraft:tree"
                },
                "placement": [
                  {
                    "predicate": {
                      "type": "minecraft:all_of",
                      "predicates": [
                        {
                          "type": "minecraft:not",
                          "predicate": {
                            "type": "minecraft:matching_fluids",
                            "offset": [
                              0,
                              -2,
                              0
                            ],
                            "fluids": "#minecraft:water"
                          }
                        },
                        {
                          "type": "minecraft:not",
                          "predicate": {
                            "type": "minecraft:matching_block_tag",
                            "offset": [
                              0,
                              -2,
                              0
                            ],
                            "tag": "minecraft:logs"
                          }
                        },
                        {
                          "type": "minecraft:not",
                          "predicate": {
                            "type": "minecraft:matching_blocks",
                            "offset": [
                              0,
                              -1,
                              0
                            ],
                            "blocks": [
                              "minecraft:mud",
                              "minecraft:soul_soil",
                              "minecraft:soul_sand"
                            ]
                          }
                        }
                      ]
                    },
                    "type": "minecraft:block_predicate_filter"
                  }
                ]
              },
              {
                "feature": {
                  "config": {
                    "features": [
                      {
                        "feature": "wythers:vegetation/tree/bayou_cypress",
                        "placement": []
                      },
                      {
                        "feature": "wythers:vegetation/tree/bayou_cypress_1",
                        "placement": []
                      },
                      {
                        "feature": "wythers:vegetation/tree/bayou_cypress_2",
                        "placement": []
                      },
                      {
                        "feature": "wythers:vegetation/tree/bayou_cypress_3",
                        "placement": []
                      },
                      {
                        "feature": "wythers:vegetation/tree/bayou_cypress_4",
                        "placement": []
                      }
                    ]
                  },
                  "type": "minecraft:simple_random_selector"
                },
                "placement": [
                  {
                    "predicate": {
                      "type": "minecraft:any_of",
                      "predicates": [
                        {
                          "type": "minecraft:matching_fluids",
                          "offset": [
                            0,
                            -2,
                            0
                          ],
                          "fluids": "#minecraft:water"
                        },
                        {
                          "type": "minecraft:matching_blocks",
                          "offset": [
                            0,
                            -1,
                            0
                          ],
                          "blocks": [
                            "minecraft:mud",
                            "minecraft:soul_soil"
                          ]
                        }
                      ]
                    },
                    "type": "minecraft:block_predicate_filter"
                  }
                ]
              },
              {
                "feature": "wythers:vegetation/tree/aspen",
                "placement": [
                  {
                    "predicate": {
                      "type": "minecraft:all_of",
                      "predicates": [
                        {
                          "type": "minecraft:matching_block_tag",
                          "offset": [
                            0,
                            -2,
                            0
                          ],
                          "tag": "minecraft:birch_logs"
                        }
                      ]
                    },
                    "type": "minecraft:block_predicate_filter"
                  }
                ]
              },
              {
                "feature": "wythers:vegetation/tree/eucalyptus_salubris",
                "placement": [
                  {
                    "predicate": {
                      "type": "minecraft:all_of",
                      "predicates": [
                        {
                          "type": "minecraft:matching_blocks",
                          "offset": [
                            0,
                            -2,
                            0
                          ],
                          "blocks": [
                            "minecraft:stripped_acacia_log",
                            "minecraft:stripped_acacia_wood"
                          ]
                        }
                      ]
                    },
                    "type": "minecraft:block_predicate_filter"
                  }
                ]
              }
            ]
          },
          "type": "minecraft:simple_random_selector"
        },
        "placement": [
          {
            "count": 32,
            "type": "minecraft:count"
          },
          {
            "predicate": {
              "predicate": {
                "type": "minecraft:solid"
              },
              "type": "minecraft:not"
            },
            "type": "minecraft:block_predicate_filter"
          }
        ]
      }
    ]
  },
  "type": "minecraft:simple_random_selector"
}