{
  "config": {
    "features": [
      {
        "feature": {
          "config": {
            "features": [
              {
                "feature": {
                  "config": {
                    "decorators": [],
                    "dirt_provider": {
                      "state": {
                        "Name": "minecraft:dirt"
                      },
                      "type": "minecraft:simple_state_provider"
                    },
                    "foliage_placer": {
                      "height": 3,
                      "offset": 0,
                      "radius": 2,
                      "type": "minecraft:blob_foliage_placer"
                    },
                    "foliage_provider": {
                      "state": {
                        "Name": "minecraft:birch_leaves",
                        "Properties": {
                          "distance": "7",
                          "persistent": "false",
                          "waterlogged": "false"
                        }
                      },
                      "type": "minecraft:simple_state_provider"
                    },
                    "force_dirt": false,
                    "ignore_vines": true,
                    "minimum_size": {
                      "limit": 1,
                      "lower_size": 0,
                      "upper_size": 1,
                      "type": "minecraft:two_layers_feature_size"
                    },
                    "trunk_placer": {
                      "base_height": 5,
                      "height_rand_a": 2,
                      "height_rand_b": 0,
                      "type": "minecraft:straight_trunk_placer"
                    },
                    "trunk_provider": {
                      "state": {
                        "Name": "minecraft:birch_log",
                        "Properties": {
                          "axis": "y"
                        }
                      },
                      "type": "minecraft:simple_state_provider"
                    }
                  },
                  "type": "minecraft:tree"
                },
                "placement": [
                  {
                    "predicate": {
                      "type": "minecraft:all_of",
                      "predicates": [
                        {
                          "type": "minecraft:not",
                          "predicate": {
                            "type": "minecraft:matching_block_tag",
                            "offset": [
                              0,
                              -2,
                              0
                            ],
                            "tag": "minecraft:logs"
                          }
                        },
                        {
                            "type": "minecraft:matching_blocks",
                            "offset": [
                              0,
                              -1,
                              0
                            ],
                            "blocks": [
                              "minecraft:farmland"
                            ]
                          }
                      ]
                    },
                    "type": "minecraft:block_predicate_filter"
                  }
                ]
              },
              {
                "feature": "wythers:vegetation/tree/forest_birch",
                "placement": [
                  {
                    "predicate": {
                      "type": "minecraft:any_of",
                      "predicates": [
                        {
                          "type": "minecraft:matching_blocks",
                          "offset": [
                            0,
                            -1,
                            0
                          ],
                          "blocks": [
                            "minecraft:grass_block",
                            "minecraft:rooted_dirt",
                            "minecraft:coarse_dirt"
                          ]
                        },
                        {
                          "type": "minecraft:not",
                          "predicate": {
                            "type": "minecraft:matching_block_tag",
                            "offset": [
                              0,
                              -2,
                              0
                            ],
                            "tag": "minecraft:logs"
                          }
                        }
                      ]
                    },
                    "type": "minecraft:block_predicate_filter"
                  }
                ]
              },
              {
                "feature": "wythers:vegetation/tree/swamp_forest_birch",
                "placement": [
                  {
                    "predicate": {
                      "type": "minecraft:any_of",
                      "predicates": [
                        {
                          "type": "minecraft:matching_fluids",
                          "offset": [
                            0,
                            -2,
                            0
                          ],
                          "fluids": "#minecraft:water"
                        },
                        {
                          "type": "minecraft:matching_blocks",
                          "offset": [
                            0,
                            -1,
                            0
                          ],
                          "blocks": [
                            "minecraft:mud",
                            "minecraft:soul_soil"
                          ]
                        }
                      ]
                    },
                    "type": "minecraft:block_predicate_filter"
                  }
                ]
              }
            ]
          },
          "type": "minecraft:simple_random_selector"
        },
        "placement": [
          {
            "count": 48,
            "type": "minecraft:count"
          },
          {
            "predicate": {
              "predicate": {
                "type": "minecraft:solid"
              },
              "type": "minecraft:not"
            },
            "type": "minecraft:block_predicate_filter"
          }
        ]
      }
    ]
  },
  "type": "minecraft:simple_random_selector"
}