{
  "type": "minecraft:random_patch",
  "config": {
    "feature": {
      "feature": {
        "type": "minecraft:simple_block",
        "config": {
          "to_place": {
            "type": "minecraft:simple_state_provider",
            "state": {
              "Name": "minecraft:dead_bush"
            }
          }
        }
      },
      "placement": [
        {
          "type": "minecraft:block_predicate_filter",
          "predicate": {
            "type": "minecraft:matching_blocks",
            "blocks": "minecraft:air"
          }
        },
        {
          "type": "minecraft:block_predicate_filter",
          "predicate": {
            "type": "minecraft:not",
            "predicate": {
              "type": "minecraft:matching_blocks",
              "offset": [
                0,
                -1,
                0
              ],
              "blocks": [
                "minecraft:dirt_path",
                "minecraft:tall_grass",
                "minecraft:cactus"
              ]
            }
          }
        }
      ]
    },
    "tries": 4,
    "xz_spread": 7,
    "y_spread": 3
  }
}