{
  "carvers": [
    "minecraft:cave",
    "minecraft:cave_extra_underground",
    "minecraft:canyon"
  ],
  "downfall": 0.3,
  "effects": {
    "mood_sound": {
      "block_search_extent": 8,
      "offset": 2.0,
      "sound": "minecraft:ambient.cave",
      "tick_delay": 6000
    },
    "music": [
      {
        "data": {
          "max_delay": 24000,
          "min_delay": 12000,
          "replace_current_music": false,
          "sound": "minecraft:music.overworld.stony_peaks"
        },
        "weight": 1
      }
    ],
    "music_volume": 1.0,
    "sky_color": 6269917,
    "fog_color": 12638463,
    "water_color": 6388580,
    "water_fog_color": 2302743,
    "grass_color": 6975545,
    "foliage_color": 6975545
  },
  "features": [
    [
      "wythers:placer/stony_peaks",
      "wythers:terrain/feature/tepui_base",
      "wythers:terrain/feature/tepui",
      "wythers:terrain/feature/tepui_cap",
      "wythers:terrain/local/replace_calcite_to_stone",
      "wythers:terrain/local/volcanic_resurfacing"
    
    ],
    [
      "wythers:terrain/feature/tepui_filler",
      "minecraft:lake_lava_underground",
      "minecraft:lake_lava_surface"
    ],
    [
      "minecraft:amethyst_geode",
      "wythers:terrain/feature/tepui_basalt_layer",
      "wythers:terrain/feature/tepui_tuff_layer"
    ],
    [
      "minecraft:monster_room",
      "minecraft:monster_room_deep"
    ],
    [
      "wythers:terrain/feature/tepui_falls",
      "wythers:terrain/feature/tepui_terrain",
      "wythers:terrain/feature/tepui_caverns",
      "wythers:terrain/feature/tepui_chasms",
      "wythers:terrain/local/volcanic_pools"
    ],
    [
	  "wythers:terrain/feature/tepui_surface",
      "wythers:terrain/feature/tepui_cavern_lakes",
      "wythers:terrain/feature/tepui_cavern_moss",
      "wythers:terrain/local/volcanic_basalt_cliffs",
      "wythers:terrain/extended/volcanic_flows",
      "wythers:terrain/extended/volcanic_flows_ore"
    ],
    [
      "minecraft:ore_dirt",
      "minecraft:ore_gravel",
      "minecraft:ore_granite_upper",
      "minecraft:ore_granite_lower",
      "minecraft:ore_diorite_upper",
      "minecraft:ore_diorite_lower",
      "minecraft:ore_andesite_upper",
      "minecraft:ore_andesite_lower",
      "minecraft:ore_tuff",
      "minecraft:ore_coal_upper",
      "minecraft:ore_coal_lower",
      "minecraft:ore_iron_upper",
      "minecraft:ore_iron_middle",
      "minecraft:ore_iron_small",
      "minecraft:ore_gold",
      "minecraft:ore_gold_lower",
      "minecraft:ore_redstone",
      "minecraft:ore_redstone_lower",
      "minecraft:ore_diamond",
      "minecraft:ore_diamond_large",
      "minecraft:ore_diamond_buried",
      "minecraft:ore_lapis",
      "minecraft:ore_lapis_buried",
      "minecraft:ore_copper",
      "minecraft:underwater_magma",
      "minecraft:disk_sand",
      "minecraft:disk_clay",
      "minecraft:disk_gravel",
      "minecraft:ore_emerald"
    ],
    [
      "minecraft:ore_infested"
    ],
    [
      "minecraft:spring_water",
      "minecraft:spring_lava",
      "wythers:terrain/feature/tepui_cavern_dripstone"
    ],
    [
      "minecraft:glow_lichen",
      "wythers:terrain/feature/tepui_plants",
      "wythers:terrain/feature/tepui_cavern_dripstone_spikes",
      "wythers:terrain/feature/tepui_cavern_pointed_dripstone",
      "wythers:vegetation/local/patch/grass_standard"
    ],
    [
      "minecraft:freeze_top_layer",
      "wythers:decor/sparse_steam"
    ]
  ],
  "has_precipitation": true,
  "spawn_costs": {},
  "spawners": {
    "ambient": [
      {
        "type": "minecraft:bat",
        "maxCount": 8,
        "minCount": 8,
        "weight": 10
      }
    ],
    "axolotls": [],
    "creature": [],
    "misc": [],
    "monster": [
      {
        "type": "minecraft:spider",
        "maxCount": 4,
        "minCount": 4,
        "weight": 100
      },
      {
        "type": "minecraft:zombie",
        "maxCount": 4,
        "minCount": 4,
        "weight": 95
      },
      {
        "type": "minecraft:zombie_villager",
        "maxCount": 1,
        "minCount": 1,
        "weight": 5
      },
      {
        "type": "minecraft:skeleton",
        "maxCount": 4,
        "minCount": 4,
        "weight": 100
      },
      {
        "type": "minecraft:creeper",
        "maxCount": 4,
        "minCount": 4,
        "weight": 100
      },
      {
        "type": "minecraft:slime",
        "maxCount": 4,
        "minCount": 4,
        "weight": 100
      },
      {
        "type": "minecraft:enderman",
        "maxCount": 4,
        "minCount": 1,
        "weight": 10
      },
      {
        "type": "minecraft:witch",
        "maxCount": 1,
        "minCount": 1,
        "weight": 5
      }
    ],
    "underground_water_creature": [
      {
        "type": "minecraft:glow_squid",
        "maxCount": 6,
        "minCount": 4,
        "weight": 10
      }
    ],
    "water_ambient": [],
    "water_creature": []
  },
  "temperature": 0.5
}