{
  "asset_id": "minecraft:entity/frog/warm_frog",
  "spawn_conditions": [
    {
      "condition": {
        "type": "minecraft:biome",
        "biomes": [
    "minecraft:snowy_plains",
    "minecraft:ice_spikes",
    "minecraft:frozen_peaks",
    "minecraft:jagged_peaks",
    "minecraft:snowy_slopes",
    "minecraft:frozen_ocean",
    "minecraft:deep_frozen_ocean",
    "minecraft:grove",
    "minecraft:deep_dark",
    "minecraft:frozen_river",
    "minecraft:snowy_taiga",
    "minecraft:snowy_beach",
    "minecraft:mushroom_fields",
    "minecraft:desert",
    "minecraft:dark_forest",
    "minecraft:the_end",
    "minecraft:end_highlands",
    "minecraft:end_midlands",
    "minecraft:small_end_islands",
    "minecraft:end_barrens"
  ]
      },
      "priority": 1
    }
  ]
}