{
  "temperature": 0.25,
  "downfall": 0,
  "has_precipitation": false,
  "effects": {
    "sky_color": 6269917,
    "fog_color": 16697483,
    "water_color": 6388580,
    "water_fog_color": 2302743,
    "grass_color": 16765810,
    "foliage_color": 16768404,
    "mood_sound": {
      "sound": "minecraft:ambient.cave",
      "tick_delay": 6000,
      "block_search_extent": 8,
      "offset": 2
    },
    "music": [
      {
        "data": {
          "max_delay": 24000,
          "min_delay": 12000,
          "replace_current_music": false,
          "sound": "minecraft:music.overworld.badlands"
        },
        "weight": 1
      }
    ],
    "music_volume": 1
  },
  "spawners": {
    "ambient": [
      {
        "type": "minecraft:bat",
        "weight": 10,
        "minCount": 8,
        "maxCount": 8
      }
    ],
    "axolotls": [],
    "creature": [
      {
        "type": "minecraft:armadillo",
        "maxCount": 2,
        "minCount": 1,
        "weight": 6
      },
      {
        "type": "minecraft:wolf",
        "maxCount": 8,
        "minCount": 4,
        "weight": 2
      },
      {
        "type": "minecraft:rabbit",
        "maxCount": 4,
        "minCount": 4,
        "weight": 10
      },
      {
        "type": "minecraft:cow",
        "maxCount": 4,
        "minCount": 4,
        "weight": 8
      },
      {
        "type": "minecraft:horse",
        "maxCount": 6,
        "minCount": 2,
        "weight": 5
      },
      {
        "type": "minecraft:donkey",
        "maxCount": 3,
        "minCount": 1,
        "weight": 1
      }
    ],
    "misc": [],
    "monster": [
      {
        "type": "minecraft:spider",
        "weight": 100,
        "minCount": 4,
        "maxCount": 4
      },
      {
        "type": "minecraft:zombie",
        "weight": 95,
        "minCount": 4,
        "maxCount": 4
      },
      {
        "type": "minecraft:zombie_villager",
        "weight": 5,
        "minCount": 1,
        "maxCount": 1
      },
      {
        "type": "minecraft:skeleton",
        "weight": 100,
        "minCount": 4,
        "maxCount": 4
      },
      {
        "type": "minecraft:creeper",
        "weight": 100,
        "minCount": 4,
        "maxCount": 4
      },
      {
        "type": "minecraft:slime",
        "weight": 100,
        "minCount": 4,
        "maxCount": 4
      },
      {
        "type": "minecraft:enderman",
        "weight": 10,
        "minCount": 1,
        "maxCount": 4
      },
      {
        "type": "minecraft:witch",
        "weight": 5,
        "minCount": 1,
        "maxCount": 1
      }
    ],
    "underground_water_creature": [
      {
        "type": "minecraft:glow_squid",
        "weight": 10,
        "minCount": 4,
        "maxCount": 6
      }
    ],
    "water_ambient": [],
    "water_creature": []
  },
  "spawn_costs": {},
  "carvers": [
    "minecraft:cave",
    "minecraft:cave_extra_underground",
    "minecraft:canyon"
  ],
  "features": [
    [
      "wythers:placer/badlands",
      "wythers:terrain/local/badlands_plateau_red_sand",
      "wythers:terrain/local/badlands_alpine_grassland",
      "wythers:terrain/local/badlands_plateau_packed_mud",
      "wythers:terrain/local/badlands_plateau_packed_mud_2",
      "wythers:terrain/local/badlands_replace_some_red_sand_to_grass_block",
      "wythers:terrain/local/badlands_replace_most_red_sand_to_grass_block",
      "wythers:terrain/local/badlands_replace_all_red_sand_to_grass_block"
    ],
    [
      "minecraft:lake_lava_underground",
      "wythers:terrain/extended/arroyo_badlands",
      "wythers:terrain/extended/arroyo_badlands_red",
      "wythers:terrain/extended/badlands_muddy_canyon",
      "wythers:terrain/local/savanna_sandy_wash"
    ],
    [
      "minecraft:amethyst_geode"
    ],
    [
      "minecraft:monster_room",
      "minecraft:monster_room_deep"
    ],
    [],
    [],
    [
      "minecraft:ore_dirt",
      "minecraft:ore_gravel",
      "minecraft:ore_granite_upper",
      "minecraft:ore_granite_lower",
      "minecraft:ore_diorite_upper",
      "minecraft:ore_diorite_lower",
      "minecraft:ore_andesite_upper",
      "minecraft:ore_andesite_lower",
      "minecraft:ore_tuff",
      "minecraft:ore_coal_upper",
      "minecraft:ore_coal_lower",
      "minecraft:ore_iron_upper",
      "minecraft:ore_iron_middle",
      "minecraft:ore_iron_small",
      "minecraft:ore_gold",
      "minecraft:ore_gold_lower",
      "minecraft:ore_redstone",
      "minecraft:ore_redstone_lower",
      "minecraft:ore_diamond",
      "minecraft:ore_diamond_large",
      "minecraft:ore_diamond_buried",
      "minecraft:ore_lapis",
      "minecraft:ore_lapis_buried",
      "minecraft:ore_copper",
      "minecraft:underwater_magma",
      "minecraft:ore_gold_extra",
      "minecraft:disk_sand",
      "minecraft:disk_clay",
      "minecraft:disk_gravel"
    ],
    [
      "wythers:terrain/extended/arroyo_red_salt_pan_2"
    ],
    [
      "minecraft:spring_water",
      "minecraft:spring_lava"
    ],
    [
      "minecraft:glow_lichen",
      "wythers:vegetation/local/trees/badlands_pine_woods",
      "wythers:vegetation/local/trees/badlands_pinyon_woods",
      "wythers:vegetation/local/trees/mesa_shrubs",
      "wythers:vegetation/extended/trees/oak_badlands",
      "wythers:vegetation/local/trees/forest_badlands",
      "wythers:vegetation/local/trees/jungle_midland",
      "wythers:vegetation/local/trees/jungle_upland",
      "wythers:vegetation/local/patch/grass_badlands",
      "wythers:vegetation/local/patch/grass_standard",
      "minecraft:patch_dry_grass_badlands",
      "minecraft:patch_dead_bush_badlands",
      "minecraft:brown_mushroom_normal",
      "minecraft:red_mushroom_normal",
      "wythers:vegetation/local/patch/saguaros"
    ],
    [
      "minecraft:freeze_top_layer",
      "wythers:terrain/local/badlands_snow_blocks",
      "wythers:vegetation/local/patch/flower_badlands",
      "wythers:vegetation/local/patch/barrel_cacti",
      "wythers:vegetation/local/patch/berries_badlands",
      "wythers:decor/badlands"
    ]
  ]
}