{
  "carvers": [
    "minecraft:cave",
    "minecraft:cave_extra_underground",
    "minecraft:canyon"
  ],
  "downfall": 0,
  "effects": {
    "mood_sound": {
      "block_search_extent": 8,
      "offset": 2,
      "sound": "minecraft:ambient.cave",
      "tick_delay": 6000
    },
    "music": [
      {
        "data": {
          "max_delay": 24000,
          "min_delay": 12000,
          "replace_current_music": false,
          "sound": "minecraft:music.overworld.desert"
        },
        "weight": 1
      }
    ],
    "music_volume": 1,
    "sky_color": 6269917,
    "fog_color": 16701835,
    "water_color": 4445678,
    "water_fog_color": 270131,
    "foliage_color": 16768404,
    "grass_color": 12632678
  },
  "features": [
    [
      "wythers:placer/desert",
      "wythers:placer/warm_ocean_extender_1",
      "wythers:placer/warm_ocean_extender_2",
      "wythers:placer/warm_ocean_extender_3",
      "wythers:terrain/local/replace_sandstone_to_smooth_sandstone",
      "wythers:terrain/extended/replace_gravel_to_sand",
      "wythers:terrain/extended/disk_sand",
      "wythers:terrain/extended/desert_swamp_sand"
    ],
    [
      "minecraft:lake_lava_underground"
    ],
    [
      "minecraft:amethyst_geode"
    ],
    [
      "wythers:terrain/extended/arroyo_white",
      "minecraft:fossil_upper",
      "minecraft:fossil_lower",
      "minecraft:monster_room",
      "minecraft:monster_room_deep"
    ],
    [
      "minecraft:desert_well"
    ],
    [],
    [
      "minecraft:ore_dirt",
      "minecraft:ore_gravel",
      "minecraft:ore_granite_upper",
      "minecraft:ore_granite_lower",
      "minecraft:ore_diorite_upper",
      "minecraft:ore_diorite_lower",
      "minecraft:ore_andesite_upper",
      "minecraft:ore_andesite_lower",
      "minecraft:ore_tuff",
      "minecraft:ore_coal_upper",
      "minecraft:ore_coal_lower",
      "minecraft:ore_iron_upper",
      "minecraft:ore_iron_middle",
      "minecraft:ore_iron_small",
      "minecraft:ore_gold",
      "minecraft:ore_gold_lower",
      "minecraft:ore_redstone",
      "minecraft:ore_redstone_lower",
      "minecraft:ore_diamond",
      "minecraft:ore_diamond_large",
      "minecraft:ore_diamond_buried",
      "minecraft:ore_lapis",
      "minecraft:ore_lapis_buried",
      "minecraft:ore_copper",
      "minecraft:underwater_magma",
      "minecraft:disk_sand",
      "minecraft:disk_clay",
      "minecraft:disk_gravel"
    ],
    [
      "wythers:terrain/local/danakil_mud",
      "wythers:terrain/local/danakil_terracotta",
      "wythers:terrain/local/danakil_red",
      "wythers:terrain/local/danakil_orange",
      "wythers:terrain/local/danakil_yellow",
      "wythers:terrain/local/danakil_yellow_2",
      "wythers:terrain/local/danakil_water"
    ],
    [
      "minecraft:spring_water",
      "minecraft:spring_lava",
      "wythers:terrain/local/boggy_moss",
      "wythers:terrain/local/boggy_moss_shore"
    ],
    [
      "minecraft:glow_lichen",
      "wythers:terrain/feature/danakil_desert_mounds",
      "wythers:vegetation/local/trees/desert_bushes",
      "wythers:vegetation/local/patch/fan_palm_oases",
      "wythers:vegetation/local/patch/fan_palm_oases_2",
      "wythers:vegetation/local/patch/fan_palm_oases_3",
      "wythers:vegetation/local/patch/grass_desert",
      "wythers:vegetation/local/patch/succulents_sparse",
      "wythers:vegetation/local/patch/succulents",
      "wythers:vegetation/local/patch/flowering_agaves",
      "wythers:vegetation/local/patch/flowering_agaves_red_sand",
      "minecraft:patch_dry_grass_desert",
      "minecraft:patch_dead_bush_2",
      "minecraft:brown_mushroom_normal",
      "minecraft:red_mushroom_normal",
      "wythers:vegetation/local/patch/saguaros_desert",
      "wythers:vegetation/local/patch/savanna_water_plants",
      "wythers:terrain/extended/replace_diorite_and_calcite_to_smooth_sandstone"
    ],
    [
      "minecraft:freeze_top_layer",
      "wythers:decor/dense_steam",
      "wythers:decor/desert"
    ]
  ],
  "has_precipitation": false,
  "spawn_costs": {},
  "spawners": {
    "ambient": [
      {
        "type": "minecraft:bat",
        "maxCount": 8,
        "minCount": 8,
        "weight": 10
      }
    ],
    "axolotls": [],
    "creature": [
      {
        "type": "minecraft:rabbit",
        "maxCount": 3,
        "minCount": 2,
        "weight": 4
      },
      {
        "type": "minecraft:wolf",
        "maxCount": 8,
        "minCount": 4,
        "weight": 2
      },
      {
        "type": "minecraft:camel",
        "maxCount": 1,
        "minCount": 1,
        "weight": 1
      }
    ],
    "misc": [],
    "monster": [
      {
        "type": "minecraft:spider",
        "maxCount": 4,
        "minCount": 4,
        "weight": 100
      },
      {
        "type": "minecraft:zombie",
        "maxCount": 4,
        "minCount": 4,
        "weight": 19
      },
      {
        "type": "minecraft:zombie_villager",
        "maxCount": 1,
        "minCount": 1,
        "weight": 1
      },
      {
        "type": "minecraft:skeleton",
        "maxCount": 4,
        "minCount": 4,
        "weight": 100
      },
      {
        "type": "minecraft:creeper",
        "maxCount": 4,
        "minCount": 4,
        "weight": 100
      },
      {
        "type": "minecraft:slime",
        "maxCount": 4,
        "minCount": 4,
        "weight": 100
      },
      {
        "type": "minecraft:enderman",
        "maxCount": 4,
        "minCount": 1,
        "weight": 10
      },
      {
        "type": "minecraft:witch",
        "maxCount": 1,
        "minCount": 1,
        "weight": 5
      },
      {
        "type": "minecraft:husk",
        "maxCount": 4,
        "minCount": 4,
        "weight": 80
      }
    ],
    "underground_water_creature": [
      {
        "type": "minecraft:glow_squid",
        "maxCount": 6,
        "minCount": 4,
        "weight": 10
      }
    ],
    "water_ambient": [],
    "water_creature": []
  },
  "temperature": 2
}