{
  "carvers": [
    "minecraft:cave",
    "minecraft:cave_extra_underground",
    "minecraft:canyon"
  ],
  "downfall": 0.2,
  "effects": {
    "mood_sound": {
      "block_search_extent": 8,
      "offset": 2,
      "sound": "minecraft:ambient.cave",
      "tick_delay": 6000
    },
    "music": [],
    "music_volume": 1,
    "sky_color": 6269917,
    "fog_color": 12638463,
    "water_color": 4562649,
    "water_fog_color": 331305
  },
  "features": [
    [
      "wythers:placer/plains",
      "wythers:terrain/local/stone_boulders",
      "wythers:terrain/local/highland_stone_cliffs_surface",
      "wythers:terrain/local/highland_stone_cliffs",
      "wythers:terrain/local/stone_cliffs_sheer",
      "wythers:terrain/local/crust_grass",
      "wythers:terrain/extended/scree",
      "wythers:road/harvest_fields_1",
      "wythers:road/harvest_fields_1b",
      "wythers:road/harvest_fields_2",
      "wythers:road/harvest_fields_2b",
      "wythers:road/harvest_fields_3",
      "wythers:road/harvest_fields_4",
      "wythers:farm/harvest_fields_1",
      "wythers:farm/harvest_fields_2",
      "wythers:farm/harvest_fields_3"
    ],
    [
      "minecraft:lake_lava_underground",
      "minecraft:lake_lava_surface",
      "wythers:terrain/extended/base_mangrove_swamp_plains"
    ],
    [
      "minecraft:amethyst_geode"
    ],
    [
      "minecraft:monster_room",
      "minecraft:monster_room_deep"
    ],
    [],
    [],
    [
      "minecraft:ore_dirt",
      "minecraft:ore_gravel",
      "minecraft:ore_granite_upper",
      "minecraft:ore_granite_lower",
      "minecraft:ore_diorite_upper",
      "minecraft:ore_diorite_lower",
      "minecraft:ore_andesite_upper",
      "minecraft:ore_andesite_lower",
      "minecraft:ore_tuff",
      "minecraft:ore_coal_upper",
      "minecraft:ore_coal_lower",
      "minecraft:ore_iron_upper",
      "minecraft:ore_iron_middle",
      "minecraft:ore_iron_small",
      "minecraft:ore_gold",
      "minecraft:ore_gold_lower",
      "minecraft:ore_redstone",
      "minecraft:ore_redstone_lower",
      "minecraft:ore_diamond",
      "minecraft:ore_diamond_large",
      "minecraft:ore_diamond_buried",
      "minecraft:ore_lapis",
      "minecraft:ore_lapis_buried",
      "minecraft:ore_copper",
      "minecraft:underwater_magma",
      "wythers:terrain/local/riverbank_plains",
      "wythers:terrain/extended/badlands_edge"
    ],
    [],
    [
      "minecraft:spring_water",
      "minecraft:spring_lava"
    ],
    [
      "minecraft:glow_lichen",
      "wythers:farm/harvest_fields_scarecrow",
      "wythers:farm/harvest_fields_hay",
      "wythers:farm/harvest_fields_hay_2",
      "wythers:farm/harvest_fields_pumpkin",
      "wythers:farm/harvest_fields_wheat",
      "wythers:farm/harvest_fields_wheat_2",
      "minecraft:patch_tall_grass_2",
      "wythers:vegetation/local/patch/sunflower_birch_forest",
      "wythers:farm/harvest_fields_stumps",
      "wythers:vegetation/local/trees/willows",
      "minecraft:patch_grass_plain",
      "minecraft:brown_mushroom_normal",
      "minecraft:red_mushroom_normal",
      "wythers:vegetation/extended/patch/beach_reeds",
      "wythers:vegetation/local/patch/beach_reeds"
    ],
    [
      "minecraft:freeze_top_layer",
      "wythers:terrain/extended/volcanic_extinction",
      "wythers:terrain/local/replace_basalt_to_tuff",
      "wythers:terrain/extended/replace_basalt_to_deepslate"
    ]
  ],
  "has_precipitation": true,
  "spawn_costs": {},
  "spawners": {
    "ambient": [
      {
        "type": "minecraft:bat",
        "maxCount": 8,
        "minCount": 8,
        "weight": 10
      }
    ],
    "axolotls": [],
    "creature": [
      {
        "type": "minecraft:sheep",
        "maxCount": 4,
        "minCount": 4,
        "weight": 12
      },
      {
        "type": "minecraft:pig",
        "maxCount": 4,
        "minCount": 4,
        "weight": 10
      },
      {
        "type": "minecraft:chicken",
        "maxCount": 4,
        "minCount": 4,
        "weight": 10
      },
      {
        "type": "minecraft:cow",
        "maxCount": 4,
        "minCount": 4,
        "weight": 8
      },
      {
        "type": "minecraft:horse",
        "maxCount": 6,
        "minCount": 2,
        "weight": 5
      },
      {
        "type": "minecraft:donkey",
        "maxCount": 3,
        "minCount": 1,
        "weight": 1
      }
    ],
    "misc": [],
    "monster": [
      {
        "type": "minecraft:spider",
        "maxCount": 4,
        "minCount": 4,
        "weight": 100
      },
      {
        "type": "minecraft:zombie",
        "maxCount": 4,
        "minCount": 4,
        "weight": 95
      },
      {
        "type": "minecraft:zombie_villager",
        "maxCount": 1,
        "minCount": 1,
        "weight": 5
      },
      {
        "type": "minecraft:skeleton",
        "maxCount": 4,
        "minCount": 4,
        "weight": 100
      },
      {
        "type": "minecraft:creeper",
        "maxCount": 4,
        "minCount": 4,
        "weight": 100
      },
      {
        "type": "minecraft:slime",
        "maxCount": 4,
        "minCount": 4,
        "weight": 100
      },
      {
        "type": "minecraft:enderman",
        "maxCount": 4,
        "minCount": 1,
        "weight": 10
      },
      {
        "type": "minecraft:witch",
        "maxCount": 1,
        "minCount": 1,
        "weight": 5
      }
    ],
    "underground_water_creature": [
      {
        "type": "minecraft:glow_squid",
        "maxCount": 6,
        "minCount": 4,
        "weight": 10
      }
    ],
    "water_ambient": [],
    "water_creature": []
  },
  "temperature": 0.8
}