{
  "carvers": [
    "minecraft:cave",
    "minecraft:cave_extra_underground",
    "minecraft:canyon"
  ],
  "downfall": 0,
  "effects": {
    "mood_sound": {
      "block_search_extent": 8,
      "offset": 2,
      "sound": "minecraft:ambient.cave",
      "tick_delay": 6000
    },
    "music": [
      {
        "data": {
          "max_delay": 24000,
          "min_delay": 12000,
          "replace_current_music": false,
          "sound": "minecraft:music.overworld.badlands"
        },
        "weight": 1
      }
    ],
    "music_volume": 1,
    "sky_color": 6269917,
    "fog_color": 16697483,
    "water_color": 6388580,
    "water_fog_color": 2302743,
    "grass_color": 13548644,
    "dry_foliage_color": 9404502,
    "foliage_color": 11123575
  },
  "features": [
    [
      "wythers:placer/wooded_badlands",
      "wythers:terrain/local/badlands_alpine_grassland",
      "wythers:terrain/local/uluru_cap",
      "wythers:terrain/local/wooded_badlands_replace_some_red_sand_to_grass_block",
      "wythers:terrain/local/wooded_badlands_replace_most_red_sand_to_grass_block",
      "wythers:terrain/local/base_wooded_badlands"
    ],
    [
      "minecraft:lake_lava_underground",
      "wythers:terrain/extended/arroyo_red"
    ],
    [
      "minecraft:amethyst_geode"
    ],
    [
      "minecraft:monster_room",
      "minecraft:monster_room_deep"
    ],
    [],
    [],
    [
      "minecraft:ore_dirt",
      "minecraft:ore_gravel",
      "minecraft:ore_granite_upper",
      "minecraft:ore_granite_lower",
      "minecraft:ore_diorite_upper",
      "minecraft:ore_diorite_lower",
      "minecraft:ore_andesite_upper",
      "minecraft:ore_andesite_lower",
      "minecraft:ore_tuff",
      "minecraft:ore_coal_upper",
      "minecraft:ore_coal_lower",
      "minecraft:ore_iron_upper",
      "minecraft:ore_iron_middle",
      "minecraft:ore_iron_small",
      "minecraft:ore_gold",
      "minecraft:ore_gold_lower",
      "minecraft:ore_redstone",
      "minecraft:ore_redstone_lower",
      "minecraft:ore_diamond",
      "minecraft:ore_diamond_large",
      "minecraft:ore_diamond_buried",
      "minecraft:ore_lapis",
      "minecraft:ore_lapis_buried",
      "minecraft:ore_copper",
      "minecraft:underwater_magma",
      "wythers:terrain/local/riverbank_plains",
      "minecraft:ore_gold_extra"
    ],
    [
      "wythers:terrain/extended/arroyo_red_salt_pan_2"
    ],
    [
      "minecraft:spring_water",
      "minecraft:spring_lava"
    ],
    [
      "minecraft:glow_lichen",
      "wythers:vegetation/local/trees/gum_swamp",
      "wythers:vegetation/local/trees/forest_eucalyptus",
      "wythers:vegetation/local/trees/outback_bushes",
      "wythers:vegetation/local/trees/eucalyptus_forest",
      "wythers:vegetation/local/trees/eucalyptus_forest_jungle_edge",
      "wythers:vegetation/local/trees/alpine_eucalyptus_forest",
      "wythers:vegetation/local/trees/alpine_eucalyptus_woods",
      "wythers:vegetation/local/trees/eucalyptus_badlands",
      "wythers:vegetation/local/trees/eucalyptus_woodland",
      "wythers:vegetation/local/trees/eucalyptus_salubris_woodland",
      "wythers:vegetation/local/trees/ghost_gum",
      "wythers:vegetation/local/patch/grass_standard",
      "wythers:vegetation/local/patch/salt_lake_grass",
      "minecraft:patch_dry_grass_badlands",
      "minecraft:patch_dead_bush_badlands",
      "minecraft:brown_mushroom_normal",
      "minecraft:red_mushroom_normal"
    ],
    [
      "minecraft:freeze_top_layer",
      "wythers:terrain/local/badlands_snow_blocks"
    ]
  ],
  "has_precipitation": false,
  "spawn_costs": {},
  "spawners": {
    "ambient": [
      {
        "type": "minecraft:bat",
        "maxCount": 8,
        "minCount": 8,
        "weight": 10
      }
    ],
    "axolotls": [],
    "creature": [
      {
        "type": "minecraft:armadillo",
        "maxCount": 2,
        "minCount": 1,
        "weight": 6
      },
      {
        "type": "minecraft:wolf",
        "maxCount": 8,
        "minCount": 4,
        "weight": 2
      },
      {
        "type": "minecraft:rabbit",
        "maxCount": 4,
        "minCount": 4,
        "weight": 10
      },
      {
        "type": "minecraft:cow",
        "maxCount": 4,
        "minCount": 4,
        "weight": 8
      },
      {
        "type": "minecraft:horse",
        "maxCount": 6,
        "minCount": 2,
        "weight": 5
      },
      {
        "type": "minecraft:camel",
        "maxCount": 1,
        "minCount": 1,
        "weight": 1
      }
    ],
    "misc": [],
    "monster": [
      {
        "type": "minecraft:spider",
        "maxCount": 4,
        "minCount": 4,
        "weight": 100
      },
      {
        "type": "minecraft:zombie",
        "maxCount": 4,
        "minCount": 4,
        "weight": 95
      },
      {
        "type": "minecraft:zombie_villager",
        "maxCount": 1,
        "minCount": 1,
        "weight": 5
      },
      {
        "type": "minecraft:skeleton",
        "maxCount": 4,
        "minCount": 4,
        "weight": 100
      },
      {
        "type": "minecraft:creeper",
        "maxCount": 4,
        "minCount": 4,
        "weight": 100
      },
      {
        "type": "minecraft:slime",
        "maxCount": 4,
        "minCount": 4,
        "weight": 100
      },
      {
        "type": "minecraft:enderman",
        "maxCount": 4,
        "minCount": 1,
        "weight": 10
      },
      {
        "type": "minecraft:witch",
        "maxCount": 1,
        "minCount": 1,
        "weight": 5
      }
    ],
    "underground_water_creature": [
      {
        "type": "minecraft:glow_squid",
        "maxCount": 6,
        "minCount": 4,
        "weight": 10
      }
    ],
    "water_ambient": [],
    "water_creature": []
  },
  "temperature": 0.25
}