{
	"credit": "Made with Blockbench",
	"parent": "block/block",
	"textures": {
		"bottom": "block/oak_planks",
		"base": "block/lectern_base",
		"front": "block/lectern_front",
		"particle": "block/lectern_sides",
		"sides": "block/lectern_sides",
		"top": "block/lectern_top"
	},
	"elements": [
		{
			"from": [0, 0, 0],
			"to": [16, 2, 16],
			"faces": {
				"north": {"uv": [0, 14, 16, 16], "texture": "#base", "cullface": "north"},
				"east": {"uv": [0, 6, 16, 8], "texture": "#base", "cullface": "east"},
				"south": {"uv": [0, 6, 16, 8], "texture": "#base", "cullface": "south"},
				"west": {"uv": [0, 6, 16, 8], "texture": "#base", "cullface": "west"},
				"up": {"uv": [0, 0, 16, 16], "rotation": 180, "texture": "#base"},
				"down": {"uv": [0, 0, 16, 16], "texture": "#bottom", "cullface": "down"}
			}
		},
		{
			"from": [4, 2, 5],
			"to": [12, 15, 12],
			"faces": {
				"north": {"uv": [0, 0, 8, 13], "texture": "#front"},
				"east": {"uv": [2, 15, 15, 8], "rotation": 90, "texture": "#sides"},
				"south": {"uv": [8, 3, 16, 16], "texture": "#front"},
				"west": {"uv": [2, 8, 15, 15], "rotation": 90, "texture": "#sides"}
			}
		},
		{
			"from": [4, 2, 4],
			"to": [5, 12, 5],
			"faces": {
				"north": {"uv": [7, 3, 8, 13], "texture": "#front"},
				"east": {"uv": [7, 13, 8, 3], "rotation": 180, "texture": "#front"},
				"west": {"uv": [5, 15, 15, 16], "rotation": 90, "texture": "#sides"}
			}
		},
		{
			"from": [10, 3, 3],
			"to": [11, 7, 5],
			"faces": {
				"north": {"uv": [1, 8, 2, 12], "texture": "#front"},
				"east": {"uv": [1, 8, 2, 12], "texture": "#front"},
				"west": {"uv": [1, 8, 2, 12], "texture": "#front"},
				"up": {"uv": [1, 8, 2, 9], "texture": "#front"},
				"down": {"uv": [1, 11, 2, 12], "texture": "#front"}
			}
		},
		{
			"from": [9, 3, 4],
			"to": [10, 7, 6],
			"faces": {
				"north": {"uv": [2, 8, 3, 12], "texture": "#front"},
				"east": {"uv": [1, 8, 2, 12], "texture": "#missing"},
				"west": {"uv": [2, 8, 3, 12], "texture": "#front"},
				"up": {"uv": [2, 8, 3, 9], "texture": "#front"}
			}
		},
		{
			"from": [13.275, -3.325, 4],
			"to": [14.275, 0.675, 6],
			"rotation": {"angle": 22.5, "axis": "z", "origin": [0, 0, 0]},
			"faces": {
				"north": {"uv": [4, 8, 5, 12], "texture": "#front"},
				"east": {"uv": [4, 8, 5, 12], "texture": "#front"},
				"south": {"uv": [4, 8, 5, 12], "texture": "#front"},
				"west": {"uv": [4, 8, 5, 12], "texture": "#front"},
				"up": {"uv": [4, 8, 5, 9], "texture": "#front"},
				"down": {"uv": [5, 11, 6, 12], "texture": "#front"}
			}
		},
		{
			"from": [1.4, 2, 2.275],
			"to": [5.4, 3, 4.275],
			"rotation": {"angle": -22.5, "axis": "y", "origin": [7.775, 3.975, 1]},
			"faces": {
				"north": {"uv": [3, 8, 4, 12], "rotation": 90, "texture": "#front"},
				"east": {"uv": [3, 11, 4, 12], "rotation": 270, "texture": "#front"},
				"south": {"uv": [3, 8, 4, 12], "rotation": 270, "texture": "#front"},
				"west": {"uv": [3, 8, 4, 9], "rotation": 270, "texture": "#front"},
				"up": {"uv": [3, 8, 4, 12], "rotation": 270, "texture": "#front"},
				"down": {"uv": [3, 8, 4, 12], "rotation": 270, "texture": "#front"}
			}
		},
		{
			"from": [7, 3, 4],
			"to": [8, 7, 6],
			"faces": {
				"north": {"uv": [4, 8, 5, 12], "texture": "#front"},
				"east": {"uv": [4, 8, 5, 12], "texture": "#front"},
				"west": {"uv": [4, 8, 5, 12], "texture": "#front"},
				"up": {"uv": [4, 8, 5, 9], "texture": "#front"},
				"down": {"uv": [4, 11, 5, 12], "texture": "#front"}
			}
		},
		{
			"from": [5, 1, 5],
			"to": [6, 4, 7],
			"rotation": {"angle": -22.5, "axis": "x", "origin": [0, 0, 0]},
			"faces": {
				"north": {"uv": [6, 9, 7, 12], "texture": "#front"},
				"east": {"uv": [6, 9, 7, 12], "texture": "#front"},
				"west": {"uv": [6, 9, 7, 12], "texture": "#front"},
				"up": {"uv": [6, 9, 7, 10], "texture": "#front"},
				"down": {"uv": [4, 11, 5, 12], "texture": "#missing"}
			}
		},
		{
			"from": [6, 3, 4],
			"to": [7, 7, 6],
			"faces": {
				"north": {"uv": [5, 8, 6, 12], "texture": "#front"},
				"west": {"uv": [5, 8, 6, 12], "texture": "#front"},
				"up": {"uv": [5, 8, 6, 9], "texture": "#front"}
			}
		},
		{
			"from": [5, 2, 4],
			"to": [11, 3, 5],
			"faces": {
				"north": {"uv": [1, 12, 7, 13], "texture": "#front"},
				"up": {"uv": [1, 12, 7, 13], "rotation": 180, "texture": "#front"}
			}
		},
		{
			"from": [5, 8, 4],
			"to": [11, 11, 5],
			"faces": {
				"north": {"uv": [1, 4, 7, 7], "texture": "#front"},
				"down": {"uv": [1, 7, 7, 8], "texture": "#front"}
			}
		},
		{
			"from": [11, 2, 4],
			"to": [12, 12, 5],
			"faces": {
				"north": {"uv": [0, 3, 1, 13], "texture": "#front"},
				"east": {"uv": [5, 16, 15, 15], "rotation": 90, "texture": "#sides"},
				"west": {"uv": [0, 3, 1, 13], "texture": "#front"}
			}
		},
		{
			"from": [0.0125, 12, 3],
			"to": [15.9875, 16, 16],
			"rotation": {"angle": -22.5, "axis": "x", "origin": [8, 8, 8]},
			"faces": {
				"north": {"uv": [0, 0, 16, 4], "texture": "#sides"},
				"east": {"uv": [0, 4, 13, 8], "texture": "#sides"},
				"south": {"uv": [0, 4, 16, 8], "texture": "#sides"},
				"west": {"uv": [0, 4, 13, 8], "texture": "#sides"},
				"up": {"uv": [0, 1, 16, 14], "rotation": 180, "texture": "#top"},
				"down": {"uv": [0, 0, 16, 13], "texture": "#bottom"}
			}
		}
	],
	"display": {
		"firstperson_righthand": {
			"rotation": [0, 135, 0],
			"scale": [0.4, 0.4, 0.4]
		}
	}
}