{
  "carvers": [
    "minecraft:cave",
    "minecraft:cave_extra_underground",
    "minecraft:canyon"
  ],
  "downfall": 0.8,
  "effects": {
    "mood_sound": {
      "block_search_extent": 8,
      "offset": 2.0,
      "sound": "minecraft:ambient.cave",
      "tick_delay": 6000
    },
   "music": [
      {
        "data": {
          "max_delay": 24000,
          "min_delay": 12000,
          "replace_current_music": false,
          "sound": "minecraft:music.overworld.jungle"
        },
        "weight": 1
      }
    ],
    "music_volume": 1.0,
    "sky_color": 6269917,
    "fog_color": 12638463,
    "water_color": 6388580,
    "water_fog_color": 2302743,
    "grass_color": 12250712,
    "grass_color_modifier": "dark_forest"
  },
  "features": [
    [
      "wythers:terrain/feature/tepui",
      "wythers:terrain/extended/base_jungle",
      "wythers:terrain/local/tepui_cap",
      "wythers:terrain/extended/mudify_rooted_dirt",
      "wythers:terrain/local/disk_mud_shore_jungle",
      "wythers:terrain/extended/replace_gravel_to_mud",
      "wythers:road/jungle"
    ],
    [
      "wythers:terrain/feature/tepui_filler",
      "minecraft:lake_lava_underground",
      "minecraft:lake_lava_surface",
      "wythers:terrain/extended/base_mangrove_swamp_jungle"
    ],
    [
      "minecraft:amethyst_geode",
      "wythers:terrain/feature/tepui_basalt_layer",
      "wythers:terrain/feature/tepui_tuff_layer"
    ],
    [
      "minecraft:monster_room",
      "minecraft:monster_room_deep"
    ],
    [
      "wythers:terrain/feature/tepui_falls",
      "wythers:terrain/feature/tepui_terrain",
      "wythers:terrain/feature/tepui_caverns",
      "wythers:terrain/feature/tepui_chasms"
    ],
    [
	  "wythers:terrain/feature/tepui_lakes",
      "wythers:terrain/feature/tepui_surface",
      "wythers:terrain/feature/tepui_cavern_lakes",
      "wythers:terrain/feature/tepui_cavern_moss"
    ],
    [
      "minecraft:ore_dirt",
      "minecraft:ore_gravel",
      "minecraft:ore_granite_upper",
      "minecraft:ore_granite_lower",
      "minecraft:ore_diorite_upper",
      "minecraft:ore_diorite_lower",
      "minecraft:ore_andesite_upper",
      "minecraft:ore_andesite_lower",
      "minecraft:ore_tuff",
      "minecraft:ore_coal_upper",
      "minecraft:ore_coal_lower",
      "minecraft:ore_iron_upper",
      "minecraft:ore_iron_middle",
      "minecraft:ore_iron_small",
      "minecraft:ore_gold",
      "minecraft:ore_gold_lower",
      "minecraft:ore_redstone",
      "minecraft:ore_redstone_lower",
      "minecraft:ore_diamond",
      "minecraft:ore_diamond_large",
      "minecraft:ore_diamond_buried",
      "minecraft:ore_lapis",
      "minecraft:ore_lapis_buried",
      "minecraft:ore_copper",
      "minecraft:underwater_magma",
      "minecraft:disk_sand",
      "minecraft:disk_clay",
      "minecraft:disk_gravel",
      "wythers:terrain/extended/coastal_sand",
      "wythers:terrain/extended/volcanic_jungle_mud_in_basalt",
      "wythers:terrain/extended/volcanic_jungle_muddy_roots_on_basalt",
      "wythers:terrain/extended/badlands_edge"
    ],
    [],
    [
      "minecraft:spring_water",
      "minecraft:spring_lava",
      "wythers:terrain/feature/tepui_cavern_dripstone"
    ],
    [
      "minecraft:glow_lichen",
      "wythers:vegetation/local/trees/jungle_mega",
      "wythers:vegetation/local/trees/jungle_lowland_rainforest",
      "wythers:vegetation/local/trees/jungle_midland",
      "wythers:vegetation/local/trees/jungle_upland",
      "wythers:vegetation/local/trees/jungle_sandy",
      "wythers:vegetation/local/trees/jungle_eucalyptus",
      "wythers:vegetation/extended/trees/jungle_eucalyptus",
      "wythers:vegetation/extended/trees/jungle_volcanic",
      "wythers:vegetation/local/trees/jungle_mangroves",
      "wythers:vegetation/extended/patch/tepui_plants",
      "minecraft:patch_grass_jungle",
      "minecraft:patch_waterlily",
      "minecraft:brown_mushroom_normal",
      "minecraft:red_mushroom_normal",
      "minecraft:patch_sugar_cane",
      "minecraft:vines",
      "minecraft:seagrass_river",
      "minecraft:patch_melon"
    ],
    [
      "minecraft:freeze_top_layer"
    ]
  ],
  "has_precipitation": true,
  "spawn_costs": {},
  "spawners": {
    "ambient": [
      {
        "type": "minecraft:bat",
        "maxCount": 8,
        "minCount": 8,
        "weight": 10
      }
    ],
    "axolotls": [],
    "creature": [
      {
        "type": "minecraft:sheep",
        "maxCount": 4,
        "minCount": 4,
        "weight": 12
      },
      {
        "type": "minecraft:pig",
        "maxCount": 4,
        "minCount": 4,
        "weight": 10
      },
      {
        "type": "minecraft:chicken",
        "maxCount": 4,
        "minCount": 4,
        "weight": 10
      },
      {
        "type": "minecraft:cow",
        "maxCount": 4,
        "minCount": 4,
        "weight": 8
      },
      {
        "type": "minecraft:chicken",
        "maxCount": 4,
        "minCount": 4,
        "weight": 10
      },
      {
        "type": "minecraft:parrot",
        "maxCount": 2,
        "minCount": 1,
        "weight": 40
      },
      {
        "type": "minecraft:panda",
        "maxCount": 2,
        "minCount": 1,
        "weight": 1
      }
    ],
    "misc": [],
    "monster": [
      {
        "type": "minecraft:spider",
        "maxCount": 4,
        "minCount": 4,
        "weight": 100
      },
      {
        "type": "minecraft:zombie",
        "maxCount": 4,
        "minCount": 4,
        "weight": 95
      },
      {
        "type": "minecraft:zombie_villager",
        "maxCount": 1,
        "minCount": 1,
        "weight": 5
      },
      {
        "type": "minecraft:skeleton",
        "maxCount": 4,
        "minCount": 4,
        "weight": 100
      },
      {
        "type": "minecraft:creeper",
        "maxCount": 4,
        "minCount": 4,
        "weight": 100
      },
      {
        "type": "minecraft:slime",
        "maxCount": 4,
        "minCount": 4,
        "weight": 100
      },
      {
        "type": "minecraft:enderman",
        "maxCount": 4,
        "minCount": 1,
        "weight": 10
      },
      {
        "type": "minecraft:witch",
        "maxCount": 1,
        "minCount": 1,
        "weight": 5
      },
      {
        "type": "minecraft:ocelot",
        "maxCount": 3,
        "minCount": 1,
        "weight": 2
      }
    ],
    "underground_water_creature": [
      {
        "type": "minecraft:glow_squid",
        "maxCount": 6,
        "minCount": 4,
        "weight": 10
      }
    ],
    "water_ambient": [],
    "water_creature": []
  },
  "temperature": 0.7
}