{
  "feature": {
    "config": {
      "decorators": [
        {
          "type": "minecraft:trunk_vine"
        },
        {
          "probability": 0.25,
          "type": "minecraft:leave_vine"
        }
      ],
      "dirt_provider": {
        "state": {
          "Name": "minecraft:dirt"
        },
        "type": "minecraft:simple_state_provider"
      },
      "foliage_placer": {
        "height": 2,
        "offset": 0,
        "radius": 2,
        "type": "minecraft:jungle_foliage_placer"
      },
      "foliage_provider": {
        "state": {
          "Name": "minecraft:jungle_leaves",
          "Properties": {
            "distance": "7",
            "persistent": "false",
            "waterlogged": "false"
          }
        },
        "type": "minecraft:simple_state_provider"
      },
      "force_dirt": false,
      "ignore_vines": false,
      "minimum_size": {
        "limit": 1,
        "lower_size": 1,
        "upper_size": 2,
        "type": "minecraft:two_layers_feature_size"
      },
      "trunk_placer": {
        "base_height": 10,
        "height_rand_a": 2,
        "height_rand_b": 19,
        "type": "minecraft:mega_jungle_trunk_placer"
      },
      "trunk_provider": {
        "state": {
          "Name": "minecraft:jungle_log",
          "Properties": {
            "axis": "y"
          }
        },
        "type": "minecraft:simple_state_provider"
      }
    },
    "type": "minecraft:tree"
  },
  "placement": [
    {
      "predicate": {
        "state": {
          "Name": "minecraft:jungle_sapling",
          "Properties": {
            "stage": "0"
          }
        },
        "type": "minecraft:would_survive"
      },
      "type": "minecraft:block_predicate_filter"
    }
  ]
}