{
  "feature": {
    "config": {
      "decorators": [
        {
          "provider": {
            "state": {
              "Name": "minecraft:podzol",
              "Properties": {
                "snowy": "false"
              }
            },
            "type": "minecraft:simple_state_provider"
          },
          "type": "minecraft:alter_ground"
        }
      ],
      "dirt_provider": {
        "state": {
          "Name": "minecraft:dirt"
        },
        "type": "minecraft:simple_state_provider"
      },
      "foliage_placer": {
        "crown_height": {
          "type": "minecraft:uniform",
          "min_inclusive": 3,
          "max_inclusive": 7
        },
        "offset": 0,
        "radius": 0,
        "type": "minecraft:mega_pine_foliage_placer"
      },
      "foliage_provider": {
        "state": {
          "Name": "minecraft:spruce_leaves",
          "Properties": {
            "distance": "7",
            "persistent": "false",
            "waterlogged": "false"
          }
        },
        "type": "minecraft:simple_state_provider"
      },
      "force_dirt": false,
      "ignore_vines": false,
      "minimum_size": {
        "limit": 1,
        "lower_size": 1,
        "upper_size": 2,
        "type": "minecraft:two_layers_feature_size"
      },
      "trunk_placer": {
        "base_height": 13,
        "height_rand_a": 2,
        "height_rand_b": 14,
        "type": "minecraft:giant_trunk_placer"
      },
      "trunk_provider": {
        "state": {
          "Name": "minecraft:spruce_log",
          "Properties": {
            "axis": "y"
          }
        },
        "type": "minecraft:simple_state_provider"
      }
    },
    "type": "minecraft:tree"
  },
  "placement": [
    {
      "predicate": {
        "state": {
          "Name": "minecraft:spruce_sapling",
          "Properties": {
            "stage": "0"
          }
        },
        "type": "minecraft:would_survive"
      },
      "type": "minecraft:block_predicate_filter"
    }
  ]
}