{
  "feature": {
    "config": {
      "decorators": [],
      "dirt_provider": {
        "state": {
          "Name": "minecraft:dirt"
        },
        "type": "minecraft:simple_state_provider"
      },
      "foliage_placer": {
        "height": 3,
        "offset": 0,
        "radius": 2,
        "type": "minecraft:blob_foliage_placer"
      },
      "foliage_provider": {
        "state": {
          "Name": "minecraft:oak_leaves",
          "Properties": {
            "distance": "7",
            "persistent": "false",
            "waterlogged": "false"
          }
        },
        "type": "minecraft:simple_state_provider"
      },
      "force_dirt": false,
      "ignore_vines": true,
      "minimum_size": {
        "limit": 1,
        "lower_size": 0,
        "upper_size": 1,
        "type": "minecraft:two_layers_feature_size"
      },
      "trunk_placer": {
        "base_height": 4,
        "height_rand_a": 2,
        "height_rand_b": 0,
        "type": "minecraft:straight_trunk_placer"
      },
      "trunk_provider": {
        "state": {
          "Name": "minecraft:oak_log",
          "Properties": {
            "axis": "y"
          }
        },
        "type": "minecraft:simple_state_provider"
      }
    },
    "type": "minecraft:tree"
  },
  "placement": [
    {
      "count": {
        "distribution": [
          {
            "data": 5,
            "weight": 9
          },
          {
            "data": 6,
            "weight": 1
          }
        ],
        "type": "minecraft:weighted_list"
      },
      "type": "minecraft:count"
    },
    {
      "type": "minecraft:in_square"
    },
    {
      "max_water_depth": 0,
      "type": "minecraft:surface_water_depth_filter"
    },
    {
      "heightmap": "OCEAN_FLOOR",
      "type": "minecraft:heightmap"
    },
    {
      "type": "minecraft:biome"
    },
    {
      "predicate": {
        "state": {
          "Name": "minecraft:oak_sapling",
          "Properties": {
            "stage": "0"
          }
        },
        "type": "minecraft:would_survive"
      },
      "type": "minecraft:block_predicate_filter"
    }
  ]
}